Company,Valuation($B),Date Joined,Country,Industry,Select Investors
100credit,$1 ,4/18/2018,China,Fintech,"Sequoia Capital China, China Reform Fund, Hillhouse Capital Management"
17zuoye,$1 ,3/7/2018,China,Edtech,"DST Global, Temasek Holdings"
23andMe,$2.50 ,7/3/2015,United States,Health,"Google Ventures, New Enterprise Associates, MPM Capital"
4Paradigm,$2 ,12/19/2018,China,Artificial intelligence,"Sequoia Capital China, China Construction Bank, Bank of China"
58 Daojia,$1 ,10/12/2015,China,Internet software & services,"KKR, Alibaba Group, Ping An Insurance"
About You,$1 ,7/19/2018,Germany,E-commerce & direct-to-consumer,"German Media Pool, Seven Venture Capital"
Acronis,$1 ,9/18/2019,Switzerland,Cybersecurity,"Goldman Sachs, VebVentures, Insight Partners"
Actifio,$1.30 ,3/24/2014,United States,Data management & analytics,"Greylock Partners, North Bridge Venture Partners, Technology Crossover Ventures"
ACV Auctions,$1.50 ,11/12/2019,United States,E-commerce & direct-to-consumer,"Bessemer Venture Partners, Tribeca Venture Partners, Bain Capital Ventures"
Affirm,$2.90 ,12/11/2017,United States,Fintech,"Andreessen Horowitz, Khosla Ventures, Singapore Wealth Fund"
Afiniti,$1.60 ,4/14/2017,United States,Artificial intelligence,GAM Holding
Age of Learning,$1 ,5/3/2016,United States,Edtech,Iconiq Capital
Aihuishou,$2.50 ,7/12/2018,China,E-commerce & direct-to-consumer,"Morningside Ventures, JD.com, Tiantu Capital"
Airbnb,$18 ,7/26/2011,United States,Travel,"General Catalyst Partners, Andreessen Horowitz, ENIAC Ventures"
Airtable,$2.59 ,11/15/2018,United States,Internet software & services,"Caffeinated Capital, CRV, Founder Collective"
Airwallex,$1.80 ,3/25/2019,Australia,Fintech,"DST Global, Sequoia Capital China, Tencent Holdings"
AIWAYS,$1.78 ,4/16/2018,China,Auto & transportation,"Jiangsu Sha Steel Group, Shanghai Puyin Industry, Funa Yuanchuang Technology"
Allbirds,$1.70 ,10/11/2018,United States,E-commerce & direct-to-consumer,"Lerer Hippeau Ventures, T. Rowe Price, Tiger Global Management"
Alto Pharmacy,$1 ,1/30/2020,United States,Health,"Jackson Square Ventures, Greenoaks Capital Management, Softbank Group"
Amplitude,$1 ,5/21/2020,United States,Data management & analytics,"Benchmark, Battery Ventures, Institutional Venture Partners"
Anduril,$1.90 ,9/11/2019,United States,Artificial intelligence,"Andreessen Horowitz, Founders Fund, Revolution Ventures"
Apeel Sciences,$1 ,5/26/2020,United States,Other,"Upfront Ventures, Tao Capital Partners, Andreessen Horowitz"
AppDirect,$1.04 ,10/7/2015,United States,E-commerce & direct-to-consumer,"Mithril, iNovia Capital, Foundry Group"
Applied Intuition,$1.25 ,10/22/2020,United States,Auto & transportation,"Andreessen Horowitz, Lux Capital, General Catalyst"
AppLovin,$2 ,1/1/2017,United States,Mobile & telecommunications,"Orient Hontai Capital, Webb Investment Network"
ApplyBoard,$1.50 ,5/5/2020,Canada,Edtech,"Artiman Ventures, Plug and Play Ventures, Anthos Capital"
AppsFlyer,$2 ,1/21/2020,United States,Mobile & telecommunications,"Magma Venture Partners, Pitango Venture Capital, Qumra Capital"
Aprogen,$1.04 ,5/31/2019,South Korea,Health,"Lindeman Asia Investment, Nichi-Iko Pharmaceutical"
Apus Group,$1.73 ,1/16/2015,China,Mobile & telecommunications,"Redpoint Ventures, QiMing Venture Partners, Chengwei Capital"
Arctic Wolf Networks,$1.30 ,10/22/2020,United States,Cybersecurity,"Lightspeed Venture Partners, Redpoint Ventures, Viking Global Investors"
Argo AI,$7.25 ,7/12/2019,United States,Artificial intelligence,"Volkswagen Group, Ford Autonomous Vehicles"
ASR Microelectronics,$1.60 ,4/30/2020,China,Hardware,"Shenzhen Capital Group, Sequoia Capital China, Hillhouse Capital Management"
Attentive Mobile,$2.20 ,9/23/2020,United States,Mobile & telecommunications,"NextView Ventures, Eniac Ventures, Sequoia Capital"
Aurora,$2.50 ,2/7/2019,United States,Auto & transportation,"Index Ventures, Greylock Partners, Lightspeed Venture Partners"
Auth0,$1.92 ,5/20/2019,United States,Cybersecurity,"Bessemer Venture Partners, K9 Ventures, Trinity Ventures"
Auto1 Group,$3.54 ,7/6/2015,Germany,E-commerce & direct-to-consumer,"Digital Sky Technologies, Piton Capital, DN Capital, SoftBank Group"
Automation Anywhere,$6.80 ,7/2/2018,United States,Artificial intelligence,"General Atlantic, Goldman Sachs, New Enterprise Associates"
Automattic,$3 ,5/27/2013,United States,Internet software & services,"Insight Venture Partners, Lowercase Capital, Polaris Partners"
Avant,$1.90 ,9/30/2015,United States,Artificial intelligence,"RRE Ventures, Tiger Global, August Capital"
AvidXchange,$1.24 ,6/8/2017,United States,Fintech,"Temasek Holdings, Charlotte Angel Partners, TPG Growth"
Away,$1.40 ,5/15/2019,United States,E-commerce & direct-to-consumer,"Global Founders Capital, Comcast Ventures, Forerunner Ventures"
Babylon Health,$2 ,8/2/2019,United Kingdom,Artificial intelligence,"Kinnevik, Vostok New Ventures, Public Investment Fund of Saudi Arabia"
Banma Network Technologies,$1 ,9/13/2018,China,Auto & transportation,"Yunfeng Capital, SDIC Innovation Investment Management, Shang Qi Capital"
BeiBei,$1 ,1/22/2015,China,E-commerce & direct-to-consumer,"Banyan Capital, New Horizon Capital, IDG Capital Partners"
BenevolentAI,$1 ,6/2/2015,United Kingdom,Artificial intelligence,Woodford Investment Management
Better.com,$4 ,11/10/2020,United States,Fintech,"Pine Brook, American Express Ventures, Kleiner Perkins Caufield & Byers"
BGL Group,$3 ,11/24/2017,United Kingdom,Fintech,CPP Investment Board
BigBasket,$1 ,5/6/2019,India,"Supply chain, logistics, & delivery","Alibaba Group, Bessemer Venture Partners, Helion Venture Partners"
BillDesk,$1.90 ,11/16/2018,India,Fintech,"Temasek Holdings, Visa, March Capital Partners"
Bird Rides,$2.78 ,5/30/2018,United States,Auto & transportation,"Tusk Ventures, Craft Ventures, Sequoia Capital"
Biren Techonology,$1.09 ,8/18/2020,China,Hardware,"V FUND, IDG Capital, Green Pine Capital Partners"
BitFury,$1 ,11/6/2018,Netherlands,Hardware,"Georgian Co-Investment Fund, iTech Capital, Galaxy Digital"
Bitmain Technologies,$12 ,7/6/2018,China,Hardware,"Coatue Management, Sequoia Capital China, IDG Capital"
BlaBlaCar,$1.67 ,9/16/2015,France,Auto & transportation,"Accel Partners, Index Ventures, Insight Venture Partners"
Blend,$1.70 ,6/24/2019,United States,Fintech,"Lightspeed Venture Partners, 8VC, Greylock Partners"
Bolt,$1.90 ,5/29/2018,Estonia,Auto & transportation,"Didi Chuxing, Diamler, TMT Investments"
Branch,$1 ,9/10/2018,United States,Mobile & telecommunications,"New Enterprise Associates, Pear, Cowboy Ventures"
BrewDog,$1.25 ,4/10/2017,United Kingdom,Consumer & retail,"TSG Consumer Partners, Crowdcube"
Brex,$3 ,10/5/2018,United States,Fintech,"DST Global, Ribbit Capital, Greenoaks Capital Management"
Bright Health,$1 ,12/17/2019,United States,Health,"New Enterprise Associates, Bessemer Venture Partners, Flare Capital Partners"
Bukalapak,$3.50 ,11/16/2017,Indonesia,E-commerce & direct-to-consumer,"500 Startups, Batavia Incubator, Emtek Group"
Buzzfeed,$1.70 ,8/18/2015,United States,Internet software & services,"SV Angel, RRE Ventures, New Enterprise Associates"
BYJU's,$12 ,7/25/2017,India,Edtech,"Tencent Holdings, Lightspeed India Partners, Sequoia Capital India"
Bytedance,$140 ,4/7/2017,China,Artificial intelligence,"Sequoia Capital China, SIG Asia Investments, Sina Weibo, Softbank Group"
BYTON,$2.50 ,4/20/2018,China,Auto & transportation,"FAW Group, Tencent Holdings, Tus Holdings"
C2FO,$1 ,8/7/2019,United States,Fintech,"Union Square Ventures, Summerhill Venture Partners, Mithril Capital Management"
C3.ai,$3.30 ,3/2/2017,United States,Artificial intelligence,"Makena Capital Management, TPG Growth, Breyer Capital"
Cabify,$1.40 ,1/22/2018,Spain,Auto & transportation,"Seaya Ventures, Otter Rock Capital, Rakuten"
Calm,$1 ,2/6/2019,United States,Consumer & retail,"Insight Venture Partners, TPG Growth, Sound Ventures"
Cambridge Mobile Telematics,$1.50 ,12/19/2018,United States,Mobile & telecommunications,SoftBank Group
Canva,$6 ,1/8/2018,Australia,Internet software & services,"Sequoia Capital China, Blackbird Ventures, Matrix Partners"
CAOCAO,$1.54 ,1/17/2018,China,Auto & transportation,"People Electrical Appliance Group China, Zhongrong International Trust"
Carbon,$2.40 ,8/20/2015,United States,Hardware,"Google Ventures, Sequoia Capital, Wakefield Group"
Cars24,$1 ,11/24/2020,India,E-commerce & direct-to-consumer,"Moore Strategic Ventures, DST Global, Unbound"
Carta,$1.70 ,5/6/2019,United States,Fintech,"Menlo Ventures, Spark Capital, Union Square Ventures"
Cato Networks,$1 ,11/17/2020,Israel,Cybersecurity,"Aspect Ventures, SingTel Innov8, Greylock Partners"
Cazoo,$2.50 ,6/23/2020,United Kingdom,E-commerce & direct-to-consumer,"dmg ventures, General Catalyst, Octopus Ventures"
Cell C,$1 ,8/7/2017,South Africa,Mobile & telecommunications,"Blue Label Telecoms, Net1 UEPS Technologies"
Celonis,$2.50 ,6/26/2018,Germany,Data management & analytics,"Accel, 83North"
Cgtz,$2.41 ,2/21/2017,China,Fintech,"Shunwei Capital Partners, China Media Group, Guangzhou Huiyin Aofeng Equity Investment Fund"
Chainalysis,$1 ,11/23/2020,United States,Fintech,"Addition, Benhcmark, Accel"
Changingedu,$1.50 ,10/30/2017,China,Edtech,"Trustbridge Partners, IDG Capital, Sequoia Capital China"
Checkout.com,$5.50 ,5/2/2019,United Kingdom,Fintech,"Insight Partners, DST Global"
Checkr,$2.20 ,9/19/2019,United States,Internet software & services,"Y Combinator, Accel, T. Rowe Price"
Chehaoduo,$9 ,3/12/2016,China,E-commerce & direct-to-consumer,"Sequoia Capital China, GX Capital"
Chime,$14.50 ,3/5/2019,United States,Fintech,"Forerunner Ventures, Crosslink Capital, Homebrew"
China Cloud,$1 ,6/11/2018,China,Hardware,"V Star Capital, GF Xinde Investment Management Co., Haitong Leading Capital Management"
Circle Internet Financial,$3 ,5/15/2018,United States,Fintech,"General Catalyst, Digital Currency Group, Accel"
ClassPass,$1 ,1/8/2020,United States,Internet software & services,"General Catalyst, L Catterton, Acequia Capital"
Cloudwalk,$3.20 ,10/8/2018,China,Artificial intelligence,"Oriza Holdings, Guangdong Technology Financial Group"
CMR Surgical,$1 ,9/17/2019,United Kingdom,Health,"Cambridge Innovation Capital, LGT Capital Partners, Escala Capital"
Cohesity,$2.50 ,6/11/2018,United States,Data management & analytics,"SoftBank Group, Sequoia Capital, Wing Venture Capital"
Coinbase,$8 ,8/10/2017,United States,Fintech,"Y Combinator, Union Square Ventures, DFJ Growth"
Collibra,$2.36 ,1/29/2019,United States,Data management & analytics,"Index Ventures, Battery Ventures, ICONIQ Capital"
Compass,$6.40 ,8/31/2016,United States,E-commerce & direct-to-consumer,"Founders Fund, Thrive Capital, Wellington Management"
Confluent,$4.50 ,1/23/2019,United States,Data management & analytics,"Benchmark, Sequoia Capital, Index Ventures"
Convoy,$2.75 ,9/21/2018,United States,"Supply chain, logistics, & delivery","Greylock Partners, capitalG, Y Combinator"
Coocaa,$1.45 ,3/16/2018,China,Hardware,"Baidu, Tencent Holdings"
Coupang,$9 ,5/28/2014,South Korea,E-commerce & direct-to-consumer,"Sequoia Capital, Founder Collective, Wellington Management"
Course Hero,$1.10 ,2/12/2020,United States,Edtech,"NewView Capital, Maveron, Ridge Ventures"
Coursera,$2.50 ,4/25/2019,United States,Edtech,"New Enterprise Associates, Kleiner Perkins Caufield & Byers, GSV Capital, Learn Capital"
Coveo,$1.10 ,11/6/2019,Canada,Artificial intelligence,"Fonds de Solidarite FTQ, Propulsion Ventures, BDC Venture Capital"
Cybereason,$1.50 ,6/21/2017,United States,Cybersecurity,"SoftBank Group, CRV, Spark Capital"
Dadi Cinema,$3.24 ,5/11/2016,China,Other,Alibaba Pictures Group
Darktrace,$1.65 ,5/15/2018,United Kingdom,Artificial intelligence,"KKR, Ten Eleven Ventures, Summit Partners"
Databricks,$6.20 ,2/5/2019,United States,Data management & analytics,"Andreessen Horowitz, New Enterprise Associates, Battery Ventures"
Dataiku,$1.40 ,12/4/2019,United States,Internet software & services,"Alven Capital, FirstMark Capital, capitalG"
Dataminr,$1.60 ,6/4/2018,United States,Artificial intelligence,"Venrock, Institutional Venture Partners, Goldman Sachs"
DataRobot,$2.70 ,7/29/2019,United States,Artificial intelligence,"New Enterprise Associates, Accomplice, IA Ventures"
Dave,$1 ,9/30/2019,United States,Fintech,"Section 32, SV Angel, Norwest Venture Partners"
Deezer,$1.40 ,8/2/2018,France,Internet software & services,"Orange Digital Ventures, Access Industries"
Delhivery,$1.50 ,2/27/2019,India,"Supply chain, logistics, & delivery","Times Internet, Nexus Venture Partners, SoftBank Group"
Deliveroo,$3.50 ,8/5/2016,United Kingdom,"Supply chain, logistics, & delivery","Accel Partners, General Catalyst, Index Ventures"
Deposit Solutions,$1.13 ,9/18/2019,Germany,Fintech,"e.ventures, Greycroft, FinLab"
Devoted Health,$1.80 ,10/16/2018,United States,Health,"Andreessen Horowitz, F-Prime Capital, Venrock"
Dialpad,$1.20 ,10/6/2020,United States,Internet software & services,"Andreessen Horowitz, Google Ventures, Section 32"
DianRong,$1 ,8/2/2017,China,E-commerce & direct-to-consumer,"Standard Chartered, FinSight Ventures, Affirma Capital"
Didi Chuxing,$62 ,3/31/2015,China,Auto & transportation,"Matrix Partners, Tiger Global Management, Softbank Corp.,"
DigitalOcean,$1.15 ,5/14/2020,United States,Internet software & services,"Andreessen Horowitz, Access Industries, IA Ventures"
Dingdong Maicai,$2 ,5/12/2020,China,E-commerce & direct-to-consumer,"Gaorong Capital, CMC Capital Partners, General Atlantic"
Discord,$3.50 ,4/20/2018,United States,Internet software & services,"Benchmark, Greylock Partners, Tencent Holdings"
DJI Innovations,$15 ,1/23/2015,China,Hardware,"Accel Partners, Sequoia Capital"
dLocal,$1.20 ,9/15/2020,Uruguay,Fintech,"Genral Atlantic, Addition"
Docker,$1.30 ,4/14/2015,United States,Internet software & services,"Greylock Partners, Lightspeed Venture Partners, Lowercase Capital"
Doctolib,$1.14 ,3/19/2019,France,Health,"BPI France, Kerala Ventures, Accel"
DoorDash,$16 ,3/1/2018,United States,"Supply chain, logistics, & delivery","Softbank Group, Sequoia Capital, Khosla Ventures"
Dream11,$2.50 ,4/9/2019,India,Internet software & services,"Kaalari Capital, Tencent Holdings, Steadview Capital"
Druva,$1 ,6/20/2019,United States,Data management & analytics,"Nexus Venture Partners, Tenaya Capital, Sequoia Capital"
DT Dream,$1.49 ,6/8/2017,China,Data management & analytics,"Alibaba Group, China Everbright Investment Management, Yinxinggu Capital"
Duolingo,$2.40 ,12/4/2019,United States,Education,"capitalG, Union Square Ventures, New Enterprise Associates"
Dxy.cn,$1 ,4/10/2018,China,Health,"Tencent Holdings, DCM Ventures"
Easyhome,$5.78 ,2/12/2018,China,Consumer & retail,"Alibaba Group, Boyu Capital, Borui Capital"
EBANX,$1 ,10/16/2019,Brazil,Fintech,"FTV Capital, Endeavor"
eDaili,$1.90 ,2/1/2019,China,E-commerce & direct-to-consumer,"K2VC, Lightspeed China Partners, Sky9 Capital"
Eightfold.ai,$1 ,10/27/2020,United States,Internet software & services,"Foundation Capital, Institutional Venture Partners, General Catalyst"
Emerging Markets Property Group,$1 ,4/28/2020,United Arab Emirates,Other,"OLX Group, KCK Group, EXOR Seeds"
ENOVATE,$1.49 ,4/15/2019,China,Auto & transportation,Automobile Industry Guidance Fund
Epic Games,$17.30 ,10/26/2018,United States,Other,"Tencent Holdings, KKR, Smash Ventures"
ezCater,$1.25 ,4/2/2019,United States,"Supply chain, logistics, & delivery","Insight Venture Partners, ICONIQ Capital, Launchpad Venture Group"
Fair,$1.20 ,12/20/2018,United States,Auto & transportation,"CreditEase Fintech Investment Fund, BMW i Ventures, SoftBank Group"
Faire,$2.50 ,10/30/2019,United States,Artificial intelligence,"Khosla Ventures, Forerunner Ventures, Sequoia Capital"
Fanatics,$6.20 ,6/6/2012,United States,E-commerce & direct-to-consumer,"SoftBank Group, Andreessen Horowitz, Temasek Holdings"
Farmers Business Network,$1.75 ,8/3/2020,United States,Other,"Blackrock, Kleiner Perkins Caulfield & Byers, Google Ventures"
Figma,$2 ,4/30/2020,United States,Internet software & services,"Index Ventures, Greylock Partners, Kleiner Perkins Caufield & Byers"
Figure Technologies,$1.20 ,11/5/2019,United States,Fintech,"DCM Ventures, Ribbit Capital, RPM Ventures"
FirstCry,$1 ,2/7/2020,India,E-commerce & direct-to-consumer,"SoftBank Group, SAIF Partners India, Valiant Capital Partners"
FiveTran,$1.20 ,6/30/2020,United States,Data management & analytics,"Matrix Partners, Andreessen Horowitz, General Catalyst"
FlashEx,$1 ,8/27/2018,China,"Supply chain, logistics, & delivery","Prometheus Capital, Matrix Partners China, JD Capital Management"
Flexport,$3.20 ,4/30/2018,United States,"Supply chain, logistics, & delivery","Bloomberg Beta, Founders Fund, First Round Capital"
FlixBus,$2.25 ,7/18/2019,Germany,Auto & transportation,"Holtzbrinck Ventures, Unternehmertum Venture Capital, General Atlantic"
Flywire,$1 ,2/13/2020,United States,Fintech,"Spark Capital, F-Prime Capital, Kibo Ventures"
Formlabs,$1 ,8/1/2018,United States,Hardware,"Pitango Venture Capital, DFJ Growth Fund, Foundry Group"
Forter,$1.30 ,11/19/2020,United States,Cybersecurity,"Sequoia Capital Israel, Scale Venture Partners, Commerce Ventures"
Freshworks,$3.50 ,7/31/2018,United States,Internet software & services,"Accel, Tiger Global Management, capitalG"
FXiaoKe,$1 ,7/2/2015,China,Mobile & telecommunications,"IDG Capital, Northern Light Venture Capital, DCM Ventures"
GalaxySpace,$1.22 ,11/17/2020,China,Mobile & telecommunications,"Shunwei Capital Partners, 5Y Capital, Legend Capital"
Geek+,$1 ,11/21/2018,China,Hardware,"Volcanics Ventures, Vertex Ventures China, Warburg Pincus"
Gett,$1.50 ,5/24/2016,Israel,Auto & transportation,"Volkswagen, Access Industries, Vostok New Ventures"
GetYourGuide,$1.78 ,5/16/2019,Germany,Travel,"Spark Capital, Highland Europe, Sunstone Capital"
Ginkgo BioWorks,$4.20 ,12/14/2017,United States,Health,"Y Combinator, Data Collective, MassVentures"
GitLab,$2.75 ,9/19/2018,United States,Internet software & services,"Google Ventures, ICONIQ Capital, Khosla Ventures"
Global Switch,$11.08 ,12/22/2016,United Kingdom,Hardware,"Aviation Industry Corporation of China, Essence Financial, Jiangsu Sha Steel Group"
Globality,$1 ,1/22/2019,United States,Artificial intelligence,SoftBank Group
Glossier,$1.20 ,3/19/2019,United States,Consumer & retail,"Forerunner Ventures, Institutional Venture Partners, Thrive Capital"
Glovo,$1 ,12/19/2019,Spain,"Supply chain, logistics, & delivery","IDInvest Partners, Seaya Ventures, Lakestar"
GOAT,$1.75 ,9/23/2020,United States,E-commerce & direct-to-consumer,"Upfront Ventures, Webb Investment Network, D1 Capital Partners"
Gojek,$10 ,8/4/2016,Indonesia,"Supply chain, logistics, & delivery","Formation Group, Sequoia Capital India, Warburg Pincus"
Gong,$2.20 ,8/12/2020,United States,Artificial intelligence,"Norwest Venture Partners, Next World Capital, Wing Venture Capital"
GoPuff,$3.90 ,10/8/2020,United States,E-commerce & direct-to-consumer,"Accel, Softbank Group, Anthos Capital"
Gousto,$1 ,11/3/2020,United Kingdom,"Supply chain, logistics, & delivery","MMC Ventures, BGF Ventures, Unilever Ventures"
GPclub,$1.32 ,10/22/2018,South Korea,Other,Goldman Sachs
Grab,$14.30 ,12/4/2014,Singapore,Auto & transportation,"GGV Capital, Vertex Venture Holdings, Softbank Group"
Grammarly,$1 ,10/10/2019,United States,Internet software & services,"General Catalyst, Institutional Venture Partners, Breyer Capital"
Graphcore,$1.95 ,12/18/2018,United Kingdom,Artificial intelligence,"Dell Technologies Capital, Pitango Venture Capital, Amadeus Capital Partners"
Greenlight,$1.20 ,9/24/2020,United States,Fintech,"Relay Ventures, TTV Capital, Canapi Ventures"
Greensill,$4 ,7/16/2018,United Kingdom,Fintech,"SoftBank Group, General Atlantic"
Grove Collaborative,$1 ,9/6/2019,United States,E-commerce & direct-to-consumer,"MHS Capital, NextView Ventures, Mayfield Fund"
Guild Education,$1 ,11/13/2019,United States,Internet software & services,"Redpoint Ventures, Harrison Metal, Bessemer Venture Partners"
Gusto,$3.80 ,12/18/2015,United States,Fintech,"General Catalyst Partners, Google Ventures, Kleiner Perkins Caufield & Byers"
Gympass,$1 ,6/12/2019,United States,Internet software & services,"General Atlantic, SoftBank Group, Atomico"
Gymshark,$1.30 ,8/14/2020,United Kingdom,E-commerce & direct-to-consumer,General Atlantic
HashiCorp,$5.10 ,11/1/2018,United States,Internet software & services,"Redpoint Ventures, True Ventures, Mayfield Fund"
HeartFlow,$1.50 ,12/4/2017,United States,Health,"BlueCross BlueShield Venture Partners, US Venture Partners"
Hello TransTech,$5 ,6/1/2018,China,Auto & transportation,"Ant Financial Services Group, GGV Capital"
HighRadius,$1 ,1/7/2020,United States,Fintech,"Susquehanna Growth Equity, Citi Ventures, ICONIQ Capital"
Hike,$1.40 ,8/16/2016,India,Mobile & telecommunications,"Foxconn, Tiger Global management, Tencent"
Hippo,$1.50 ,7/24/2019,United States,Fintech,"Propel Venture Partners, Horizons Ventures, Comcast Ventures"
Hive Box,$1.40 ,1/23/2018,China,"Supply chain, logistics, & delivery","Eastern Bell Capital, SF Holding Co, STO Express"
Hopin,$2.13 ,11/10/2020,United Kingdom,Internet software & services,"Accel, Northzone Ventures, Institutional Venture Partners"
Horizon Robotics,$3 ,2/27/2019,China,Artificial intelligence,"Hillhouse Capital Management, Linear Venture, Morningside Venture Capital"
Hosjoy,$1 ,10/18/2018,China,E-commerce & direct-to-consumer,"U.S.-China Green Fund, Founder H Fund, Richland Equities"
Houzz,$3.84 ,9/30/2014,United States,E-commerce & direct-to-consumer,"New Enterprise Associates, Sequoia Capital, Comcast Ventures"
Huaqin Telecom Technology,$2.19 ,10/8/2019,China,Mobile & telecommunications,"Zhangjiang Haocheng Venture Capital, Walden International, Intel Capital"
Huike Group,$1 ,5/24/2018,China,Edtech,"Fosun RZ Capital, Oceanwide Holdings, Shenzhen Qianhe Capital Management Co."
HuiMin,$2.19 ,9/5/2016,China,E-commerce & direct-to-consumer,"Zheshang Venture Capital, GP Capital, Western Capital Management"
HuJiang,$1.10 ,10/29/2015,China,Edtech,"China Minsheng Investment, Baidu, Wanxin Media"
HyalRoute,$3.50 ,5/26/2020,Singapore,Mobile & telecommunications,Kuang-Chi
Ibotta,$1 ,8/6/2019,United States,Fintech,"Koch Disruptive Technologies, Teamworthy Ventures, GGV Capital"
iCarbonX,$1 ,4/12/2016,China,Artificial intelligence,"Tencent, Vcanbio"
Icertis,$1 ,7/17/2019,United States,Artificial intelligence,"Eight Roads Ventures, Greycroft, Ignition Partners"
iFood,$1 ,11/13/2018,Brazil,"Supply chain, logistics, & delivery","Movile, Just Eat, Naspers"
Illumio,$1.18 ,4/14/2015,United States,Cybersecurity,"Data Collective, Formation 8, General Catalyst Partners"
Impossible Foods,$4 ,5/13/2019,United States,Consumer & retail,"Khosla Ventures, Horizons Ventures, Temasek Holdings"
Improbable,$2 ,5/11/2017,United Kingdom,Other,"Andreessen Horowitz, SoftBank Group, Temasek Holdings"
Indigo Ag,$3.50 ,9/26/2017,United States,Artificial intelligence,"Activant Capital Group, Alaska Permanent Fund, Baillie Gifford & Co."
INFI,$1.25 ,5/1/2018,Israel,Artificial intelligence,Pacific Century Group
Infinidat,$1.60 ,4/29/2015,United States,Hardware,"TPG Growth, Goldman Sachs"
Infobip,$1 ,7/30/2020,Croatia,Mobile & telecommunications,One Equity Partners
InMobi,$1 ,9/15/2011,India,Mobile & telecommunications,"Kleiner Perkins Caufield & Byers, Softbank Corp., Sherpalo Ventures"
Innovium,$1 ,7/21/2020,United States,Hardware,"WRVI Capital, Qualcomm Ventures, S-Cubed Capital"
InSightec,$1.30 ,3/6/2020,Israel,Health,"York Capital Management, GE Healthcare, Koch Disruptive Technologies"
Instabase,$1 ,10/21/2019,United States,Data management & analytics,"New Enterprise Associates, Greylock Partners, Andreessen Horowitz"
Instacart,$17.70 ,12/30/2014,United States,"Supply chain, logistics, & delivery","Khosla Ventures, Kleiner Perkins Caufield & Byers, Collaborative Fund"
Intarcia Therapeutics,$3.80 ,4/1/2014,United States,Health,"New Enterprise Associates, New Leaf Venture Partners, Charter Venture Capital"
Intellifusion,$1 ,3/22/2019,China,Artificial intelligence,"BOC International, TopoScend Capital, Hongxiu VC"
Intercom,$1.28 ,3/27/2018,United States,Internet software & services,"FirstMark Capital, Tiger Global Management"
InVision,$1.90 ,11/1/2017,United States,Internet software & services,"FirstMark Capital, Tiger Global Management, ICONIQ Capital"
ironSource,$1.50 ,8/11/2014,Israel,Mobile & telecommunications,"Access Industries, Clal Industries and Investments"
iTutorGroup,$1 ,11/18/2015,China,Edtech,"QiMing Venture Partners, Temasek Holdings, Silverlink Capital"
Ivalua,$1 ,5/21/2019,United States,Fintech,"Ardian, Tiger Global Management, KKR"
Jiuxian,$1.05 ,7/30/2015,China,E-commerce & direct-to-consumer,"Sequoia Capital China, Rich Land Capital, Merrysunny Wealth"
JOLLY Information Technology,$1.50 ,5/29/2018,China,E-commerce & direct-to-consumer,"Legend Capital, CDH Investments, Sequoia Capital China"
Jusfoun Big Data,$1.60 ,7/9/2018,China,Data management & analytics,"Boxin Capital, DT Capital Partners, IDG Capital"
Just,$1.10 ,11/30/2017,United States,Consumer & retail,"Khosla Ventures, Horizons Ventures, Founders Fund"
JUUL Labs,$12 ,12/20/2017,United States,Consumer & retail,Tiger Global Management
Kaseya,$2 ,3/27/2019,United States,Cybersecurity,"Insight Partners, TPG Alternative & Renewable Technologies, Ireland Strategic Investment Fund"
Katerra,$3 ,4/13/2017,United States,"Supply chain, logistics, & delivery","Foxconn Technology Company, Khosla Ventures, Moore Capital Management"
Kavak,$1.15 ,10/1/2020,Mexico,E-commerce & direct-to-consumer,"DST Global, SoftBank Group, Mountain Nazca"
Keep,$1 ,5/19/2020,China,Mobile & telecommunications,"Bertelsmann Asia Investments, GGV Capital, Morningside Venture Capital"
KeepTruckin,$1.20 ,4/23/2019,United States,"Supply chain, logistics, & delivery","Google Ventures, Index Ventures, Scale Venture Partners"
Kendra Scott,$1 ,12/21/2016,United States,Consumer & retail,"Berkshire Partners, Norwest Venture Partners"
KK Group,$1 ,10/23/2019,China,E-commerce & direct-to-consumer,"Matrix Partners China, Bright Venture Capita, Shenzhen Capital Group"
KKW Beauty,$1 ,6/29/2020,United States,E-commerce & direct-to-consumer,Coty
Klarna,$10.65 ,12/12/2011,Sweden,Fintech,"Institutional Venture Partners, Sequoia Capital, General Atlantic"
Klaviyo,$4.15 ,11/17/2020,United States,Internet software & services,"Summit Partners, Accel, Astral Capital"
Klook,$1.35 ,8/7/2018,Hong Kong,Travel,"Sequoia Capital China, Goldman Sachs, Matrix Partners China"
Knotel,$1.30 ,8/21/2019,United States,Other,"Bloomberg Beta, Newmark Knight Frank, Norwest Venture Partners"
KnowBe4,$1 ,6/12/2019,United States,Cybersecurity,"Elephant Venture Capital, KKR, Ten Eleven Ventures"
KnowBox,$1 ,5/30/2019,China,Edtech,"TAL Education Group, Legend Star, Alibaba Group"
Koudai,$1.45 ,10/23/2014,China,E-commerce & direct-to-consumer,"New Enterprise Associates, Tiger Global management, Tencent"
Krafton Game Union,$5 ,8/9/2018,South Korea,Other,"Tencent Holdings, Stonebridge Capital, IMM Investment"
Kuaigou Dache,$1 ,7/13/2018,China,"Supply chain, logistics, & delivery","Sequoia Capital China, InnoVision Capital, Qianhai Fund of Funds"
Kuaishou,$18 ,1/1/2015,China,Mobile & telecommunications,"Morningside Venture Capital, Sequoia Capital, Baidu"
Kujiale,$1 ,10/25/2019,China,Internet software & services,"GGV Capital, IDG Capital, Linear Venture"
L&P Cosmetic,$1.19 ,1/1/2016,South Korea,Consumer & retail,CDIB Capital
Lalamove,$1.50 ,10/10/2017,Hong Kong,"Supply chain, logistics, & delivery","MindWorks Ventures, Shunwei Capital Partners, Xiang He Capital"
Leap Motor,$1.01 ,11/20/2018,China,Auto & transportation,"Sequoia Capital China, Gopher Asset Management, Shanghai Electric Group"
LegalZoom,$2 ,7/31/2018,United States,Internet software & services,"K1 Capital, Francisco Partners, Neuberger Berman"
Lenskart,$1.50 ,9/16/2019,India,E-commerce & direct-to-consumer,"Chiratae Ventures, PremjiInvest, Softbank"
Lianjia,$5.77 ,4/7/2016,China,E-commerce & direct-to-consumer,"Tencent, Baidu, Huasheng Capital"
LifeMiles,$1.15 ,7/13/2015,Colombia,Other,Advent International
Lightricks,$1 ,7/31/2019,Israel,Artificial intelligence,"Viola Ventures, Insight Partners, ClalTech, Goldman Sachs"
Lilium Aviation,$1 ,6/9/2020,Germany,Other,"Freigeist Capital, Obvious Ventures, Atomico"
LinkDoc Technology,$1.09 ,7/5/2018,China,Health,"China Investment Corporation, New Enterprise Associates"
Linklogis,$1.05 ,10/15/2018,China,Fintech,"Bertelsmann Asia Investments, Loyal Valley Capital, Tencent Holdings"
LinkSure Network,$1 ,1/1/2015,China,Mobile & telecommunications,N/A
Liquid,$1 ,4/3/2019,Japan,Fintech,"JAFCO Co, Bitmain Technologies, IDG Capital"
Loft,$1 ,1/3/2020,Brazil,E-commerce & direct-to-consumer,"Monashees+, Andreessen Horowitz, QED Investors"
Loggi,$1 ,6/5/2019,Brazil,"Supply chain, logistics, & delivery","Qualcomm Ventures, SoftBank Group. Monashees+"
Lookout,$1.28 ,8/13/2014,United States,Cybersecurity,"Accel Partners, Greylock Partners, Lowercase Capital"
Luoji Siwei,$1.18 ,7/20/2017,China,Edtech,"Sequoia Capital China, Qiming Venture Partners, Tencent Holdings"
Lyell Immunopharma,$1.16 ,2/8/2019,United States,Health,"ARCH Venture Partners, Foresite Capital, Altitude Life Science Ventures"
Lyra Health,$1.10 ,8/25/2020,United States,Health,"Greylock Partners, Venrock, Providence Ventures"
Mafengwo,$2 ,5/23/2019,China,Travel,"Qiming Venture Partners, Capital Today, General Atlantic"
Magic Leap,$6.30 ,10/21/2014,United States,Hardware,"Obvious Ventures, Qualcomm Ventures, Andreessen Horowitz"
Maimai,$1 ,11/15/2017,China,Mobile & telecommunications,"Morningside Venture Capital, IDG Capital, DCM Ventures"
Manbang Group,$12 ,4/24/2018,China,"Supply chain, logistics, & delivery","Softbank Group, CapitalG"
Marqeta,$4.30 ,5/21/2019,United States,Fintech,"83North, Granite Ventures, CommerzVentures"
MediaMath,$1 ,7/10/2018,United States,Internet software & services,"Silicon Valley Bank, QED Investors, European Founders Fund"
Medlinker,$1.25 ,7/31/2018,China,Health,"China Health Industry Investment Fund, China Renaissance, and Sequoia Capital China"
Meero,$1 ,6/18/2019,France,Artificial intelligence,"Aglae Ventures, Global Founders Capital, Alven Capital"
MEGVII,$4 ,7/1/2018,China,Artificial intelligence,"Ant Financial Services Group, Russia-China Investment Fund, Foxconn Technology Company"
Meicai,$2.80 ,6/22/2016,China,Mobile & telecommunications,"Tiger Global Management, Blue Lake Capital, ZhenFund"
Meizu Technology,$4.58 ,7/23/2014,China,Hardware,"Telling Telecommunication Holding Co., Alibaba Group"
MessageBird,$3 ,10/8/2020,Netherlands,Mobile & telecommunications,"Y Combinator, Atomico, Accel"
Mia.com,$1 ,9/8/2015,China,E-commerce & direct-to-consumer,"Sequoia Capital China, ZhenFund, K2 Ventures"
Miaoshou Doctor,$1.02 ,6/27/2019,China,E-commerce & direct-to-consumer,"Sequoia Capital China, Qiming Venture Partners, Tencent Holdings"
MindMaze,$1 ,1/28/2016,Switzerland,Health,Hinduja Group
Mirakl,$1.50 ,9/22/2020,France,E-commerce & direct-to-consumer,"Elaia Partners, 83North, Felix Capital"
Mofang Living,$1.50 ,4/13/2016,China,E-commerce & direct-to-consumer,"Warburg Pincus, Aviation Industry Corporation of China"
Mollie,$1 ,9/8/2020,Netherlands,Fintech,Technology Crossover Ventures
Momenta,$1 ,10/17/2018,China,Artificial intelligence,"Sinovation Ventures, Tencent Holdings, Sequoia Capital China"
monday.com,$1.90 ,7/30/2019,Israel,Internet software & services,"Entree Capital, Genesis Partners, Insight Partners"
Monzo,$1.58 ,10/31/2018,United Kingdom,Fintech,"Passion Capital, Thrive Capital, Orange Digital Ventures"
Mu Sigma,$1 ,2/7/2013,United States,Data management & analytics,"Sequoia Capital, General Atlantic"
MUSINSA,$1.89 ,11/11/2019,South Korea,E-commerce & direct-to-consumer,Sequoia Capital
N26,$3.50 ,1/10/2019,Germany,Fintech,"Redalpine Venture Partners, Earlybird Venture Capital, Valar Ventures"
National Stock Exchange of India,$6.50 ,7/1/2020,India,Fintech,"TA Associates, SoftBank Group, GS Growth"
Netskope,$3 ,11/13/2018,United States,Cybersecurity,"Lightspeed Venture Partners, Social Capital, Accel"
Next Insurance,$2 ,10/7/2019,United States,Fintech,"Zeev Ventures, Ribbit Capital, TLV Partners"
Nextdoor,$2.10 ,3/4/2015,United States,Internet software & services,"Benchmark Capital, DAG Ventures, Insight Venture Partners"
Niantic,$3.95 ,11/24/2017,United States,Mobile & telecommunications,"Nintendo, Google, Pokemon Company International, Spark Capital"
Northvolt,$3.55 ,6/12/2019,Sweden,Other,"Vattenfall, Volkswagen Group, Goldman Sachs"
Nubank,$10 ,3/1/2018,Brazil,Fintech,"Sequoia Capital, Redpoint e.ventures, Kaszek Ventures"
NuCom Group,$2.20 ,2/22/2018,Germany,Other,General Atlantic
Numbrs,$1 ,8/22/2019,Switzerland,Fintech,"Investment Corporation of Dubai, Centralway"
Nuro,$5 ,2/11/2019,United States,Auto & transportation,"SoftBank Group, Greylock Partners, Gaorong Capital"
Nxin,$1.08 ,9/18/2018,China,Internet software & services,"Beijing Juneng Hesheng Industry Investment Fund, Beijing Shuju Xinrong Fund"
o9 Solutions,$1 ,4/28/2020,United States,Artificial intelligence,KKR
OakNorth,$2.80 ,10/12/2017,United Kingdom,Fintech,"Clermont Group, Coltrane Asset Management, Toscafund Asset Management"
Oatly,$2 ,7/14/2020,Sweden,Consumer & retail,"Blackstone, Verlinvest, China Resources Holdings"
OCSiAl,$1 ,3/4/2019,Luxembourg,Other,"A&NN, Rusnano"
OfferUp,$1.20 ,9/8/2016,United States,Mobile & telecommunications,"Andreessen Horowitz, GGV Capital, T. Rowe Price"
Ola Cabs,$6.30 ,10/27/2014,India,Auto & transportation,"Accel Partners, SoftBank Group, Sequoia Capital"
Ola Electric Mobility,$1 ,7/2/2019,India,Auto & transportation,"SoftBank Group, Tiger Global Management, Matrix Partners India"
Omio,$1 ,10/23/2018,Germany,Travel,"Lakestar, Battery Ventures, New Enterprise Associates"
One97 Communications,$16 ,5/12/2015,India,Fintech,"Intel Capital, Sapphire Ventures, Alibaba Group"
OneTrust,$2.70 ,7/11/2019,United States,Internet software & services,Insight Partners
Orbbec Technology,$1 ,5/21/2018,China,Hardware,"R-Z Capital, Green Pine Capital Partners, SAIF Partners China"
Orca Bio,$1 ,6/17/2020,United States,Health,"Lightspeed Venture Partners, Data Collective, 8VC"
OrCam Technologies,$1.30 ,2/20/2018,Israel,Artificial intelligence,"Intel Capital, Aviv Venture Capital"
Oscar Health,$3.20 ,4/20/2015,United States,Health,"BoxGroup, Formation8, Khosla Ventures"
Otto Bock HealthCare,$3.52 ,6/24/2017,Germany,Health,EQT Partners
Outreach,$1.33 ,4/16/2019,United States,Artificial intelligence,"Mayfield Fund, M12, Trinity Ventures"
OutSystems,$1 ,6/5/2018,Portugal,Internet software & services,"KKR, ES Ventures, North Bridge Growth Equity"
OVH,$1.10 ,8/15/2016,France,Other,"KKR, TowerBrook Capital Partners"
Ovo,$2.90 ,3/14/2019,Indonesia,Fintech,"Grab, Tokopedia, Tokyo Century Corporation"
OVO Energy,$1.28 ,2/14/2019,United Kingdom,Other,"Mitsubishi Corporation, Mayfair Equity Partners"
Oxford Nanopore Technologies,$2.23 ,7/21/2015,United Kingdom,Health,"Illumina, Invesco Perpetual, IP Group"
OYO Rooms,$7.70 ,9/25/2018,India,Travel,"SoftBank Group, Sequoia Capital India,Lightspeed India Partners"
Pat McGrath Labs,$1 ,7/16/2018,United States,Consumer & retail,"One Luxury Group, Eurazeo"
Patreon,$1.20 ,9/2/2020,United States,Internet software & services,"Index Ventures, Thrive Capital, CRV"
PAX,$1.70 ,10/22/2018,United States,Consumer & retail,"Tao Capital Partners, Global Asset Capital, Tiger Global Management"
Payoneer,$1 ,12/5/2017,United States,Fintech,"Susquehanna Growth Equity, 83North, China Broadband Capital"
Pendo,$1 ,10/17/2019,United States,Internet software & services,"Contour Venture Partners, Battery Ventures, Core Capital Partners"
Pharmapacks,$1.10 ,11/12/2020,United States,E-commerce & direct-to-consumer,The Carlyle Group
Pine Labs,$1.60 ,1/24/2020,India,Fintech,"MasterCard, Temasek, PayPal Ventures"
Playco,$1 ,9/21/2020,Japan,Other,"Sozo Ventures, Caffeinated Capital, Sequoia Capital"
Podium,$1.50 ,4/7/2020,United States,Internet software & services,"Accel, Summit Partners, Google Ventures"
Poizon,$1 ,4/29/2019,China,Mobile & telecommunications,"DST Global, Sequoia Capital China, Gaorong Capital"
PolicyBazaar,$1.50 ,5/6/2019,India,Fintech,"Info Edge, Softbank Capital"
Pony.ai,$3 ,7/11/2018,United States,Artificial intelligence,"Sequoia Capital China, IDG Capital, DCM Ventures"
Postman,$2 ,6/11/2020,United States,Internet software & services,"Nexus Venture Partners, CRV, Insight Partners"
Preferred Networks,$2 ,5/17/2018,Japan,Artificial intelligence,"Toyota Motor Corporation, Mizuho Financial Group, FANUC"
Procore,$5 ,12/8/2016,United States,Internet software & services,"Bessemer Venture Partners, O'Connor Ventures, Iconiq Capital"
Promasidor Holdings,$1.58 ,11/8/2016,South Africa,Consumer & retail,"IFC, Ajinomoto"
Quanergy Systems,$2 ,8/22/2016,United States,Auto & transportation,"Delphi Automotive, Samsung Ventures, Motus Ventures"
QuintoAndar,$1 ,9/9/2019,Brazil,E-commerce & direct-to-consumer,"Kaszek Ventures, General Atlantic, SoftBank Group"
Quizlet,$1 ,5/13/2020,United States,Edtech,"Union Square Ventures, Altos Ventures, Costanoa Ventures"
Qumulo,$1.20 ,7/16/2020,United States,Data management & analytics,"Madrona Venture Group, Kleiner Perkins Caufield & Byers, Highland Capital Partners"
Quora,$2 ,4/21/2017,United States,Internet software & services,"Y Combinator, Matrix Partners, Benchmark"
Radius Payment Solutions,$1.04 ,11/27/2017,United Kingdom,Fintech,Inflexion Private Equity
Rani Therapeutics,$1 ,2/8/2018,United States,Health,"Google Ventures, VentureHealth, InCube Ventures"
Rappi,$3.50 ,8/31/2018,Colombia,"Supply chain, logistics, & delivery","DST Global, Andreessen Horowitz, Sequoia Capital, Redpoint e.ventures"
Rapyd,$1.20 ,12/3/2019,United Kingdom,Fintech,"Target Global, General Catalyst, Durable Capital Partners"
Razorpay,$1 ,10/11/2020,India,Fintech,"Y Combinator, Tiger Global Management, Matrix Partners India"
Red Ventures,$1 ,1/7/2015,United States,Other,"Silver Lake Partners, General Atlantic"
reddit,$3 ,7/31/2017,United States,Internet software & services,"Y Combinator, Sequoia Capital, Coatue Management"
Redis Labs,$1 ,8/25/2020,United States,Data management & analytics,"Viola Ventures, Dell Technologies Capital, Bain Capital Ventures"
Relativity Space,$2.30 ,11/23/2020,United States,Other,"Playground Global, Bond, Tribe Capital"
Remitly,$1.50 ,7/10/2019,United States,Fintech,"DN Capital, Threshold Ventures, Trilogy Equity Partners"
ReNew Power,$2.29 ,2/14/2017,India,Other,"Goldman Sachs, JERA, Asian Development Bank"
Rent the Runway,$1 ,3/21/2019,United States,E-commerce & direct-to-consumer,"Bain Capital Ventures, Kleiner Perkins Caufield & Byers, Highland Capital Partners"
Revolut,$5.50 ,4/26/2018,United Kingdom,Fintech,"index Ventures, DST Global, Ribbit Capital"
Revolution Precrafted,$1 ,10/23/2017,Philippines,Other,"K2 Global, 500 Startups"
RigUp,$1.90 ,9/30/2019,United States,Internet software & services,"Founders Fund, Quantum Energy Partners, Bedrock Capital"
Ripple,$10 ,12/20/2019,United States,Fintech,"IDG Capital, Venture51, Lightspeed Venture Partners"
Rippling,$1.35 ,8/4/2020,United States,Internet software & services,"Initialized Capital, Y Combinator, Kleiner Perkins Caufield & Byers"
Riskified,$1 ,11/5/2019,United States,Cybersecurity,"Entree Capital, Genesis Partners, Qumra Capital"
Rivian,$3.50 ,9/10/2019,United States,Auto & transportation,"Amazon, Ford Motor Company, Cox Automotive"
Rivigo,$1.07 ,7/11/2019,India,"Supply chain, logistics, & delivery","SAIF Partners India, Warburg Pincus, Trifecta Capital Advisors"
Ro,$1.50 ,7/27/2020,United States,Health,"Initialized Capital, General Catalyst, SignalFire"
Robinhood,$11.70 ,4/26/2017,United States,Fintech,"Google Ventures, Andreessen Horowitz, DST Global"
Roblox,$4 ,9/5/2018,United States,Internet software & services,"Atlos Ventures, Index Ventures, First Round Capital"
Rocket Lab,$1 ,3/21/2017,United States,Other,"Lockheed Martin, Khosla Ventures, Bessemer Venture Partners"
Roivant Sciences,$9.09 ,8/9/2017,United States,Health,"SoftBankGroup, Founders Fund"
Royole Corporation,$6 ,8/18/2015,China,Hardware,"Warmsun Holding, IDG Capital Partners"
Rubicon Global,$1.07 ,8/25/2017,United States,Other,"Goldman Sachs, Leonardo DiCaprio, Promecap"
Rubrik,$3.30 ,4/28/2017,United States,Data management & analytics,"Greylock Partners, Lightspeed Venture Partners, Khosla Ventures"
Samsara Networks,$5.40 ,3/22/2018,United States,Hardware,"Andreessen Horowitz, General Catalyst"
Samumed,$12.44 ,8/6/2018,United States,Health,"Vickers Venture Partners, IKEA GreenTech"
Scale AI,$1 ,8/5/2019,United States,Artificial intelligence,"Accel, Y Combinator, Index Ventures"
Scopely,$3.30 ,10/29/2019,United States,Mobile & telecommunications,"Greycroft, Sands Capital, Revolution Growth"
Seismic,$1.60 ,12/18/2018,United States,Internet software & services,"Jackson Square Ventures, General Atlantic, Lightspeed Venture Partners"
Sema4,$1.10 ,7/29/2020,United States,Health,"Blackrock, Connecticut Innovations, Deerfield Management"
SenseTime,$7.50 ,7/11/2017,China,Artificial intelligence,"Star VC, IDG Capital, Infore Capital, Alibaba Group"
SentinelOne,$3.10 ,2/19/2020,United States,Cybersecurity,"Granite Hill Capital Partners, Data Collective, Tiger Global Management"
ServiceTitan,$1.65 ,11/14/2018,United States,Internet software & services,"Bessemer Venture Partners, ICONIQ Capital, Battery Ventures"
SHEIN,$15 ,7/3/2018,China,E-commerce & direct-to-consumer,"Tiger Global Management, Sequoia Capital China, Shunwei Capital Partners"
Sila Nanotechnologies,$1 ,4/16/2019,United States,Other,"Bessemer Venture Partners, Sutter Hill Ventures, Matrix Partners"
Sisense,$1.10 ,1/9/2020,United States,Data management & analytics,"Opus Capital, Genesis Partners, Battery Ventures"
Skydance Media,$2.30 ,2/11/2020,United States,Other,"RedBird Capital Partners, CJ ENM, Tencent Holdings"
SmartNews,$1.20 ,8/5/2019,Japan,Mobile & telecommunications,"Japan Post Capital, Globis Capital Partners, Atomico"
SMS Assist,$1 ,6/7/2016,United States,Internet software & services,"Goldman Sachs, Insights Venture Partners, Pritzker Group Venture Capital"
Snapdeal,$6.50 ,5/21/2014,India,E-commerce & direct-to-consumer,"SoftBankGroup, Blackrock, Alibaba Group"
Snyk,$2.60 ,1/21/2020,United States,Cybersecurity,"BOLDstart Ventures, Google Ventures, Accel"
Socar,$1 ,10/16/2020,South Korea,Auto & transportation,"Bain Capital, Altos Ventures, Songhyun Investment"
SoFi,$4.80 ,2/3/2015,United States,Fintech,"Baseline Ventures, DCM Ventures, Institutional Venture Partners"
Sonder,$1.30 ,7/11/2019,United States,Travel,"Structure Capital, Spark Capital, Greylock Partners"
SouChe Holdings,$3.50 ,11/1/2017,China,E-commerce & direct-to-consumer,"Morningside Ventures, Warburg Pincus, CreditEase Fintech Investment Fund"
SoundHound,$1 ,5/3/2018,United States,Artificial intelligence,"Tencent Holdings, Walden Venture Capital, Global Catalyst Partnera"
SpaceX,$46 ,12/1/2012,United States,Other,"Founders Fund, Draper Fisher Jurvetson, Rothenberg Ventures"
Sprinklr,$2.70 ,3/31/2015,United States,Internet software & services,"Azure Capital Partners, Battery Ventures, Intel Capital"
Squarespace,$1.70 ,12/14/2017,United States,Internet software & services,"General Atlantic, Index Ventures, Accel Partners"
Starry,$1.29 ,7/3/2018,United States,Mobile & telecommunications,"Social Capital, Bessemer Venture Partners"
StockX,$1 ,6/26/2019,United States,E-commerce & direct-to-consumer,"Google Ventures, Battery Ventures, DST Global"
Stripe,$36 ,1/23/2014,United States,Fintech,"Khosla Ventures, LowercaseCapital, capitalG"
sweetgreen,$1.60 ,11/13/2018,United States,Consumer & retail,"Red Sea Ventures, Fidelity Investments, Revolution"
Swiggy,$3.60 ,6/21/2018,India,"Supply chain, logistics, & delivery","Accel India, SAIF Partners, Norwest Venture Partners"
Symphony,$1.40 ,5/16/2017,United States,Fintech,"BNP Paribas, Goldman Sachs, Google"
Talkdesk,$3 ,10/3/2018,United States,Internet software & services,"DJF, Salesforce Ventures, Storm Ventures"
TangoMe,$1.10 ,3/20/2014,United States,Mobile & telecommunications,"Draper Fisher Jurtson, Qualcomm Ventures, Alibaba Group"
Tanium,$9 ,3/31/2015,United States,Cybersecurity,"Andreessen Horowitz, Nor-Cal Invest, TPG Growth"
TechStyle Fashion Group,$1 ,8/29/2014,United States,E-commerce & direct-to-consumer,"Matrix Partners, Passport Capital, Rho Ventures"
Tekion,$1 ,10/21/2020,United States,Internet software & services,"Airbus Ventures, Index Ventures, Advent International"
TELD,$1.11 ,12/16/2019,China,Fintech,"China Reform Fund, Gaopeng Capital, Jinhui Xingye"
Tempus,$5 ,3/21/2018,United States,Health,"New Enterprise Associates, T. Rowe Associates, Lightbank"
TERMINUS Technology,$1 ,10/25/2018,China,Hardware,"China Everbright Limited, IDG Capital, iFLYTEK"
ThoughtSpot,$1.95 ,5/8/2018,United States,Internet software & services,"Lightspeed Venture Partners, Khosla Ventures, Geodesic Capital"
Thrasio,$1 ,7/15/2020,United States,Other,"Upper90, RiverPark Ventures, Advent International"
Thumbtack,$1.70 ,9/29/2015,United States,E-commerce & direct-to-consumer,"Tiger Global, Sequoia Capital, Google Capital"
Tipalti,$2 ,10/6/2020,United States,Fintech,"01 Advisors, Zeev Ventures, Group 11"
Toast,$4.90 ,7/10/2018,United States,Fintech,"Bessemer Venture Partners, Tiger Global Management, Google Ventures"
Tokopedia,$7 ,4/8/2016,Indonesia,E-commerce & direct-to-consumer,"SoftBankGroup, Alibaba Group, Sequoia Capital India"
Tongdun Technology,$2 ,4/25/2019,China,Cybersecurity,"Advantech Capital, Temasek Holdings Ltd., Tiantu Capital Co."
Toss,$2.60 ,12/9/2018,South Korea,Fintech,"Bessemer Venture Partners, Qualcomm Ventures, Kleiner Perkins Caufield & Byers"
Tradeshift,$1.10 ,5/30/2018,United States,Fintech,"Notion Capital, Scentan Ventures, Kite Ventures"
TransferWise,$5 ,1/26/2015,United Kingdom,Fintech,"IA Ventures, Index, Ventures, SV Angel"
Traveloka,$3 ,1/1/2017,Indonesia,Travel,"Global Founders Capital, East Ventures, Expedia Inc."
Trax,$1.30 ,7/22/2019,Singapore,Artificial intelligence,"Hopu Investment Management, Boyu Capital, DC Thomson Ventures"
Trendy Group International,$2 ,2/13/2012,Hong Kong,Consumer & retail,L Capital Partners
Tresata,$1.05 ,10/10/2018,United States,Fintech,GCP Capital Partners
TripActions,$4 ,11/8/2018,United States,Travel,"Andreessen Horowitz, Lightspeed Venture Partners, Zeev Ventures"
Trumid,$1 ,7/15/2020,United States,Fintech,"T. Rowe Price, Dragoneer Investment Group, BlackRock"
Tubatu.com,$2 ,3/9/2015,China,E-commerce & direct-to-consumer,"Sequoia Capital China, Matrix Partners China, 58.com"
Tuhu,$1.16 ,9/15/2018,China,Auto & transportation,"Qiming Venture Partners, Yaxia Automobile, Far East Horizon"
TuJia,$1.45 ,6/17/2015,China,Travel,"GGV Capital, QiMing Venture Partnersl"
Turo,$1 ,7/17/2019,United States,E-commerce & direct-to-consumer,"August Capital, Google Ventures, Shasta Ventures"
TuSimple,$1 ,2/13/2019,United States,Artificial intelligence,"Sina Weibo Fund, Zhiping Capital, Composite Capital Partners"
Tuya Smart,$1 ,7/24/2018,China,Internet software & services,"New Enterprise Associates, Quadrille Capital, Global Bridge Capital"
UBTECH Robotics,$5 ,7/25/2016,China,Hardware,"CDH Investments, Goldstone Investments, Qiming Venture Partners"
Udaan,$2.30 ,9/4/2018,India,"Supply chain, logistics, & delivery","DST Global, Lightspeed Venture Partners, Microsoft ScaleUp"
Udemy,$3.20 ,2/19/2020,United States,Edtech,"MHS Capital, Insight Partners, Norwest Venture Partners"
UiPath,$10.20 ,3/2/2018,United States,Artificial intelligence,"Accel, capitalG, Earlybrid Venture Capital, Seedcamp"
Unacademy,$2 ,9/2/2020,India,Edtech,"Blume Ventures, Nexus Venture Partners, Sequoia Capital India"
Unisound,$1.19 ,7/19/2018,China,Artificial intelligence,"Qiming Venture Partners, China Internet Investment Fund, Qualcomm Ventures"
United Imaging Healthcare,$5.08 ,9/15/2017,China,Health,"China Life Insurance, China Development Bank Capital, CITIC Securities International"
Unqork,$2 ,10/6/2020,United States,Fintech,"Blackrock, capitalG, World Lab Innovation"
Upgrade,$1 ,6/17/2020,United States,Fintech,"Union Square Ventures, Ribbit Capital, VY Capital"
Uptake,$2.30 ,10/27/2015,United States,Artificial intelligence,"Revolution, New Enterprise Associates, Caterpillar"
Vacasa,$1 ,10/29/2019,United States,Travel,"Level Equity, NewSpring Holdings, Riverwood Capital"
VANCL,$3 ,12/14/2010,China,E-commerce & direct-to-consumer,"Ceyuan Ventures, QiMing Venture Partners, Temasek Holdings"
VAST Data,$1.20 ,4/16/2020,United States,Data management & analytics,"Norwest Venture Partners, Goldman Sachs, Dell Technologies Capital"
Verkada,$1.60 ,1/29/2020,United States,Cybersecurity,"next47, First Round Capital, Sequoia Capital"
Via Transportation,$2.25 ,3/30/2020,United States,Auto & transportation,"83North, RiverPark Ventures, Pitango Venture Capital"
Vice Media,$5.70 ,4/2/2011,United States,Internet software & services,"Technology Crossover Ventures, A&E Television Networks"
VillageMD,$1 ,7/8/2020,United States,Health,"Kinnevik, Oak HC/FT Partners, Walgreens Boots Alliance"
Vinted,$1.12 ,11/27/2019,Lithuania,E-commerce & direct-to-consumer,"Accel, Insight Partners, Burda Principal Investments"
VIPKid,$4.50 ,8/4/2016,China,Edtech,"Sequoia Capital China, Tencent Holdings, Sinovation Ventures"
Vista Global,$2.50 ,8/23/2017,United Arab Emirates,Other,Rhone Capital
Voodoo,$1.40 ,8/17/2020,France,Other,"Tencent Holdings, Goldman Sachs"
Vox Media,$1 ,8/12/2015,United States,Internet software & services,"Accel Partners, Comcast Ventures, General Atlantic"
VTS,$1 ,5/7/2019,United States,Internet software & services,"Trinity Ventures, Fifth Wall Ventures, OpenView Venture Partners"
Wacai,$1 ,7/18/2018,China,Mobile & telecommunications,"Qiming Venture Partners, China Broadband Capital, CDH Investments"
WalkMe,$1 ,11/13/2018,United States,Internet software & services,"Gemini Israel Ventures, Insight Venture Partners, Giza Venture Capital"
Warby Parker,$3 ,4/30/2015,United States,E-commerce & direct-to-consumer,"BoxGroup, Felicis Ventures, First Round Capital"
Waterdrop,$2.88 ,8/20/2020,China,Fintech,"Tencent Holdings, IDG Capital, Gaorong Capital"
We Doctor,$5.50 ,9/22/2015,China,Health,"Tencent, Morningside Group"
wefox Group,$1.50 ,3/5/2019,Germany,Fintech,"Salesforce Ventures, Seedcamp, OMERS Ventures"
WeLab,$1 ,11/8/2017,Hong Kong,Fintech,"Sequoia Capital China, ING, Alibaba Entrepreneurs Fund"
WEMAKEPRICE,$2.34 ,9/9/2015,South Korea,E-commerce & direct-to-consumer,"IMM Investment, NXC"
Whoop,$1.20 ,10/28/2020,United States,E-commerce & direct-to-consumer,"NextView Ventures, Promus Ventures, Two Sigma Ventures"
Wildlife Studios,$3 ,12/5/2019,Brazil,Other,"Benchmark, Bessemer Venture Partners"
Wish,$11.20 ,5/18/2015,United States,E-commerce & direct-to-consumer,"Founders Fund, GGV Capital, Digital Sky Technologies"
WM Motor,$5 ,3/8/2019,China,Auto & transportation,"Baidu Capital, Linear Venture, Tencent"
Womai,$1 ,10/12/2015,China,E-commerce & direct-to-consumer,"SAIF Partners China, Baidu, IDG Capital"
Workhuman,$1.20 ,6/23/2020,Ireland,Internet software & services,ICG
WTOIP,$1.27 ,4/8/2018,China,Internet software & services,"Dark Horse Technology Group, Hopu Investment Management, Kefa Capital"
XANT,$1.70 ,4/28/2014,United States,Artificial intelligence,"Microsoft Ventures, US Venture Partners, Kleiner Perkins Caufield & Byers"
Xiaohongshu,$3 ,3/31/2016,China,E-commerce & direct-to-consumer,"GGV Capital, ZhenFund, Tencent"
XiaoZhu,$1.50 ,11/1/2017,China,Travel,"Morningside Ventures, Capital Today, JOY Capital"
Ximalaya FM,$1.52 ,9/22/2017,China,Mobile & telecommunications,"China Creation Ventures, Sierra Ventures, Xingwang Investment Management"
Xinchao Media,$2.59 ,4/9/2018,China,Internet software & services,"JD.com, Baidu, Vision Plus Capital"
Yanolja,$1 ,6/10/2019,South Korea,Travel,"SBI Investment Korea, Partners Investment, GIC"
Yello Mobile,$4 ,11/11/2014,South Korea,Mobile & telecommunications,Formation 8
YH Global,$1.02 ,9/21/2017,China,"Supply chain, logistics, & delivery","Co-Energy Finance, Grandland"
Yidian Zixun,$1.40 ,10/17/2017,China,Mobile & telecommunications,"Phoenix New Media, Tianjin Haihe Industry Fund"
Yiguo,$1.20 ,11/9/2016,China,"Supply chain, logistics, & delivery","Alibaba Group, KKR, Goldman Sachs"
Yijiupi,$1.50 ,9/20/2018,China,Consumer & retail,"Source Code Capital, Meituan Dianping, Tencent Holdings"
Yimidida,$1.17 ,1/14/2019,China,"Supply chain, logistics, & delivery","Source Code Capital, Global Logistic Properties, K2VC"
YITU Technology,$2.17 ,3/8/2018,China,Artificial intelligence,"Sequoia Capital China, Banyan Capital"
Yixia,$3 ,11/24/2015,China,Mobile & telecommunications,"Sequoia Capital China, Sina Weibo, Kleiner Perkins Caufield & Byers, Redpoint Ventures"
You & Mr Jones,$1.30 ,11/19/2019,United States,Other,Undisclosed
Youxia Motors,$3.35 ,4/2/2018,China,Auto & transportation,"China Environmental Protection Industry, China Fortune Ocean"
Yuanfudao,$15.50 ,5/31/2017,China,Edtech,"Tencent Holdings, Warbug Pincus, IDG Capital"
Zenefits,$2.09 ,5/6/2015,United States,Fintech,"SV Angel, Institutional Venture Partners, Venrock"
Zeta Global,$1.30 ,7/15/2015,United States,Internet software & services,"GSO Capital Partners, Franklin Square"
Zhangmen,$1.60 ,2/18/2019,China,Edtech,"Shunwei Capital Partners, QingSong Fund, Warburg Pincus"
Zhaogang,$1 ,6/29/2017,China,E-commerce & direct-to-consumer,"K2 Ventures, Matrix Partners China, IDG Capital"
Zhihu,$2.70 ,1/12/2017,China,Internet software & services,"Tencent Holdings, Sinovation Ventures, Qiming Venture Partners"
Zhuan Zhuan,$1 ,4/18/2017,China,E-commerce & direct-to-consumer,"58.com, Tencent Holdings"
Zhubajie,$1.61 ,6/16/2015,China,Internet software & services,"Cybernaut Growth Fund, IDG Capital"
Zipline International,$1.20 ,5/20/2019,United States,"Supply chain, logistics, & delivery","Sequoia Capital, Baillie Gifford & Co., Google Ventures"
ZipRecruiter,$1 ,10/4/2018,United States,Artificial intelligence,"Basepoint Ventures,Industry Ventures, and Institutional Venture Partners"
Ziroom,$6.60 ,1/17/2018,China,E-commerce & direct-to-consumer,"Sequoia Capital China, Warburg Pincus, General Catalyst"
ZocDoc,$1.77 ,8/20/2015,United States,Health,"Founders Fund, Khosla Ventures, Goldman Sachs"
Zomato,$3.60 ,4/10/2015,India,Internet software & services,"Sequoia Capital, VY Capital"
Zume,$2.25 ,11/1/2018,United States,Consumer & retail,"Softbank Group, AME Cloud Ventures, SignalFire"
Zuoyebang,$2 ,7/18/2018,China,Edtech,"Sequoia Capital China, Xiang He Capital, GGV Capital"
Zwift,$1 ,9/16/2020,United States,E-commerce & direct-to-consumer,"Novator Partners, True, Causeway Media Partners"
Zymergen,$1.05 ,12/13/2018,United States,Other,"Data Collective, True Ventures, SoftBank Group"
